learning_rate,ewc_lambda,pde_weight,final_rmse,final_mae,n_rounds,status
0.01,5000,0.1,1.0656582117080688,0.866634726524353,3,success
0.01,1000,0.01,1.0660330057144165,0.8656923770904541,3,success
0.001,1000,0.1,1.0687131881713867,0.8674727082252502,3,success
0.001,5000,0.01,1.0713064670562744,0.8693179488182068,3,success
0.001,1000,0.01,1.0717259645462036,0.8708698153495789,3,success
0.01,5000,0.01,1.0722404718399048,0.8725683689117432,3,success
0.001,5000,0.1,1.0736362934112549,0.872540295124054,3,success
0.01,1000,0.1,1.0762503147125244,0.8770264387130737,3,success
